epoch,time,train/box_loss,train/seg_loss,train/cls_loss,train/dfl_loss,train/sem_loss,metrics/precision(B),metrics/recall(B),metrics/mAP50(B),metrics/mAP50-95(B),metrics/precision(M),metrics/recall(M),metrics/mAP50(M),metrics/mAP50-95(M),val/box_loss,val/seg_loss,val/cls_loss,val/dfl_loss,val/sem_loss,lr/pg0,lr/pg1,lr/pg2
1,30.7214,1.42976,3.12,2.62618,1.65287,0,0.1438,0.02566,0.00014,3e-05,0.14328,0.00881,1e-05,0,nan,nan,nan,nan,0,0.0032967,0.0032967,0.0703297
2,50.0857,1.44042,2.87355,2.16655,1.63472,0,0.1871,0.21999,0.0364,0.01321,0.16986,0.13562,0.02722,0.00981,2.48754,13.0347,92.5092,3.4023,0,0.00649876,0.00649876,0.0401984
3,68.3308,1.36595,2.71895,2.00505,1.5838,0,0.74205,0.18246,0.17538,0.08772,0.72599,0.157,0.14159,0.04811,2.17047,12.6264,11.2653,2.69816,0,0.00956882,0.00956882,0.00993512
4,87.0428,1.29479,2.55824,1.86201,1.52659,0,0.51465,0.20421,0.13581,0.06643,0.505,0.1672,0.11354,0.05445,2.07927,5.57265,7.59299,2.49692,0,0.009406,0.009406,0.009406
5,105.501,1.21206,2.44087,1.73435,1.4651,0,0.56052,0.27982,0.301,0.17172,0.54699,0.30061,0.29594,0.16441,1.77024,3.70565,2.61229,2.1345,0,0.009208,0.009208,0.009208
6,123.863,1.18385,2.36282,1.70592,1.44692,0,0.42108,0.31113,0.28615,0.17543,0.42338,0.31805,0.29443,0.17118,1.6728,3.27913,2.78001,2.02521,0,0.00901,0.00901,0.00901
7,142.064,1.11206,2.21768,1.58064,1.3916,0,0.65615,0.32699,0.24912,0.11296,0.63969,0.31599,0.23295,0.10408,1.75567,5.36642,6.39336,2.14664,0,0.008812,0.008812,0.008812
8,160.244,1.09185,2.07825,1.51115,1.3762,0,0.37606,0.54868,0.41119,0.23767,0.4132,0.51158,0.3996,0.22321,1.50122,2.90255,2.15832,1.88657,0,0.008614,0.008614,0.008614
9,178.71,1.06962,2.0484,1.48395,1.35992,0,0.39775,0.53644,0.46209,0.27545,0.36482,0.5245,0.44728,0.24978,1.43637,2.82331,2.16414,1.73691,0,0.008416,0.008416,0.008416
10,197.232,1.01468,1.97056,1.40018,1.32722,0,0.40427,0.46504,0.38363,0.24717,0.61743,0.3574,0.35907,0.2243,1.47598,3.00758,2.2515,1.84944,0,0.008218,0.008218,0.008218
11,215.553,0.98508,1.89702,1.35876,1.30809,0,0.42571,0.45624,0.38917,0.22005,0.39224,0.45196,0.3568,0.17084,1.57483,3.65829,2.18184,1.92557,0,0.00802,0.00802,0.00802
12,233.768,0.96174,1.84437,1.32586,1.28368,0,0.64442,0.45841,0.49231,0.32449,0.64377,0.43145,0.46492,0.31206,1.30075,2.45242,1.81605,1.64737,0,0.007822,0.007822,0.007822
13,251.699,0.96138,1.82067,1.26212,1.28175,0,0.63765,0.44654,0.50249,0.31735,0.59738,0.43432,0.47461,0.29956,1.32219,2.36954,1.90026,1.63485,0,0.007624,0.007624,0.007624
14,269.287,0.92374,1.75087,1.26611,1.27138,0,0.54464,0.53314,0.49675,0.32897,0.55162,0.53136,0.49461,0.31487,1.1902,2.34385,1.54444,1.55584,0,0.007426,0.007426,0.007426
15,287.06,0.89077,1.65271,1.18283,1.2366,0,0.56745,0.54252,0.49315,0.34745,0.58296,0.52469,0.49276,0.32813,1.13861,2.30224,1.52047,1.53017,0,0.007228,0.007228,0.007228
16,305.195,0.89608,1.65096,1.19623,1.24228,0,0.4645,0.54901,0.55453,0.37175,0.45884,0.54425,0.53991,0.36008,1.1636,2.07505,1.47885,1.51698,0,0.00703,0.00703,0.00703
17,323.586,0.87128,1.6284,1.14782,1.21358,0,0.67438,0.58587,0.63408,0.44111,0.59106,0.6368,0.62607,0.4279,1.05973,1.95089,1.32843,1.40201,0,0.006832,0.006832,0.006832
18,341.92,0.85151,1.61898,1.15249,1.21538,0,0.50666,0.68646,0.6074,0.40769,0.49431,0.67709,0.60159,0.3924,1.06338,1.97425,1.39658,1.44059,0,0.006634,0.006634,0.006634
19,360.29,0.84254,1.58495,1.12687,1.21229,0,0.43254,0.56839,0.51365,0.35606,0.45913,0.57992,0.51566,0.34009,1.10336,2.16928,1.50307,1.459,0,0.006436,0.006436,0.006436
20,378.723,0.82771,1.53718,1.08271,1.1929,0,0.57749,0.59675,0.63399,0.43928,0.56181,0.58047,0.60174,0.42082,1.0552,1.94238,1.12465,1.42592,0,0.006238,0.006238,0.006238
21,397.025,0.80289,1.52151,1.04673,1.17371,0,0.72201,0.64141,0.68801,0.47506,0.73222,0.63616,0.68461,0.45873,1.09113,1.92112,1.11588,1.44765,0,0.00604,0.00604,0.00604
22,415.273,0.81476,1.52872,1.05813,1.1899,0,0.58469,0.63868,0.62849,0.44403,0.59678,0.65722,0.63416,0.43758,1.06108,1.85824,1.19271,1.40823,0,0.005842,0.005842,0.005842
23,433.378,0.78529,1.49094,1.03103,1.16994,0,0.6999,0.58917,0.63084,0.4482,0.69512,0.58887,0.62184,0.43546,1.04344,1.97508,1.17424,1.42431,0,0.005644,0.005644,0.005644
24,450.854,0.77004,1.44668,0.98793,1.15945,0,0.60307,0.65603,0.6548,0.47373,0.60804,0.65908,0.66072,0.4642,0.98092,1.76588,1.15214,1.37527,0,0.005446,0.005446,0.005446
25,468.37,0.77899,1.47025,0.98403,1.15745,0,0.68012,0.5903,0.67463,0.47751,0.62547,0.63542,0.67353,0.444,1.05262,1.95464,1.11473,1.41608,0,0.005248,0.005248,0.005248
26,485.981,0.7492,1.37112,0.94026,1.14263,0,0.62615,0.61966,0.65263,0.45857,0.62626,0.61737,0.649,0.43547,1.02456,1.80856,1.07946,1.39651,0,0.00505,0.00505,0.00505
27,504.027,0.73967,1.34575,0.93357,1.13748,0,0.68448,0.67133,0.71053,0.50859,0.69842,0.69553,0.72871,0.5032,0.99189,1.63589,0.98677,1.35208,0,0.004852,0.004852,0.004852
28,521.752,0.73882,1.38403,0.93285,1.12534,0,0.72223,0.70128,0.7355,0.53564,0.73184,0.69239,0.73076,0.50868,0.95777,1.70433,0.97615,1.33403,0,0.004654,0.004654,0.004654
29,539.412,0.71546,1.35063,0.89814,1.11517,0,0.64654,0.70129,0.73141,0.52481,0.65012,0.69971,0.73434,0.50755,0.98147,1.61813,1.00836,1.32938,0,0.004456,0.004456,0.004456
30,557.13,0.72003,1.35824,0.91441,1.12831,0,0.75282,0.67594,0.73602,0.54646,0.76897,0.68246,0.74608,0.52894,0.91157,1.70758,0.99719,1.30672,0,0.004258,0.004258,0.004258
31,575.187,0.71117,1.29542,0.87397,1.11808,0,0.74508,0.65726,0.72588,0.52801,0.74517,0.6543,0.71939,0.51537,0.93706,1.60815,0.97036,1.32306,0,0.00406,0.00406,0.00406
32,592.785,0.71089,1.3256,0.86966,1.11464,0,0.70738,0.72977,0.76894,0.55557,0.71511,0.72977,0.76981,0.54745,0.94288,1.61008,0.91349,1.32409,0,0.003862,0.003862,0.003862
33,610.3,0.69484,1.26967,0.83874,1.11184,0,0.60318,0.64025,0.63148,0.46204,0.59158,0.64374,0.62653,0.43565,0.96976,1.83238,1.26186,1.3543,0,0.003664,0.003664,0.003664
34,627.958,0.68434,1.27823,0.83909,1.10097,0,0.71797,0.68039,0.73396,0.54067,0.73905,0.67785,0.7327,0.52747,0.90818,1.58366,0.94153,1.31686,0,0.003466,0.003466,0.003466
35,645.976,0.68527,1.26952,0.83863,1.10633,0,0.76198,0.68663,0.74371,0.57292,0.7648,0.69063,0.74725,0.55276,0.87642,1.60421,0.87706,1.27222,0,0.003268,0.003268,0.003268
36,664.351,0.66135,1.22001,0.78672,1.09076,0,0.73499,0.72093,0.76148,0.56812,0.76172,0.7053,0.76558,0.55047,0.89451,1.54718,0.84129,1.29817,0,0.00307,0.00307,0.00307
37,682.785,0.64632,1.19552,0.78526,1.08267,0,0.73557,0.7487,0.75774,0.58321,0.75333,0.76054,0.78336,0.57559,0.84839,1.48997,0.84702,1.23333,0,0.002872,0.002872,0.002872
38,701.071,0.6542,1.19798,0.76912,1.08582,0,0.75486,0.75034,0.81208,0.60461,0.79159,0.72583,0.79611,0.5857,0.83982,1.49007,0.75738,1.22404,0,0.002674,0.002674,0.002674
39,718.75,0.62313,1.17771,0.74884,1.06658,0,0.77263,0.78115,0.80179,0.60894,0.7682,0.77616,0.7958,0.58527,0.85391,1.48223,0.79263,1.24007,0,0.002476,0.002476,0.002476
40,736.266,0.62943,1.14705,0.76804,1.06833,0,0.78875,0.7831,0.81343,0.62658,0.8072,0.79517,0.83345,0.6062,0.79167,1.49393,0.78055,1.21137,0,0.002278,0.002278,0.002278
